Id;x;y;z
0;1.0000000000000000e+00;1.0000000000000000e+00;1.0000000000000000e+00
1;1.0000000000000000e+00;-1.0000000000000000e+00;-1.0000000000000000e+00
2;-1.0000000000000000e+00;1.0000000000000000e+00;-1.0000000000000000e+00
3;-1.0000000000000000e+00;-1.0000000000000000e+00;1.0000000000000000e+00
