Id;x;y;z;
0;1,00E+16;0.0000000000000000;0.0000000000000000;
1;-1,00E+16;0.0000000000000000;0.0000000000000000;
2;0.0000000000000000;1,00E+16;0.0000000000000000;
3;0.0000000000000000;-1,00E+16;0.0000000000000000;
4;0.0000000000000000;0.0000000000000000;1,00E+16;
5;0.0000000000000000;0.0000000000000000;-1,00E+16;
